Marca temporal,Soy...,¬øC√≥mo te enteraste de nuestro evento?,Si pudiste asistir a la apertura  ¬øC√≥mo valorar√≠as la charla inspiracional?,¬øPudiste asistir a la primera sesi√≥n de talleres (17.30 - 18.15 h)?,¬øA qu√© taller pudiste asistir a las 17.30 h? ,¬øEn qu√© grado recomendar√≠as el taller al que asististe en la primera sesi√≥n?,¬øPudiste asistir a la segunda sesi√≥n de talleres (18.30 - 19.15 h)?,¬øA qu√© taller pudiste asistir a las 18.30 h? ,En qu√© grado recomendar√≠as el taller al que asististe en la segunda sesi√≥n,¬øEn qu√© grado recomendar√≠as el Foro de Innovaci√≥n Educativa?,¬øSobre qu√© tem√°tica te gustar√≠a que girara el Foro de Innovaci√≥n del curso 26-27?,"¬øTienes alguna sugerencia, propuesta o mejora que te gustar√≠a compartir?"
5/11/2025 19:15:21,Docente,Comunicaci√≥n del centro donde trabajo,,S√≠,9. Inspira Talks: La escuela de los sentidos,5,S√≠,18.Inspira Talks: La emoci√≥n de acompa√±ar,5,5,,
5/11/2025 19:15:56,Familia,Invitaci√≥n directa v√≠a email,,S√≠,6. Crecer sin alas prestadas,5,S√≠,13. IA para mentes que ense√±an,5,5,Gesti√≥n de emociones con la IA,
5/11/2025 19:16:50,Docente,Invitaci√≥n directa v√≠a email,,S√≠,3. Matem√°ticas Competenciales en Secundaria,4,S√≠,13. IA para mentes que ense√±an,3,4,,
5/11/2025 19:18:01,Docente,P√°gina web del Colegio Santa Mar√≠a la Blanca,,S√≠,4. AyudIA! ‚Äì La Inteligencia Artificial como compa√±era de aprendizaje,5,S√≠,16. Palabras que construyen: herramientas para transformar el conflicto en conexi√≥n con los adolescentes,5,5,,
5/11/2025 19:18:05,Docente,Otros,,S√≠,3. Matem√°ticas Competenciales en Secundaria,5,S√≠,10. GameLab inclusivo: del aula al juego,5,5,,
5/11/2025 19:18:09,Docente,Comunicaci√≥n del centro donde trabajo,,S√≠,7. Claves para cultivar tu salud. Tu vida est√° en tus manos.,5,S√≠,16. Palabras que construyen: herramientas para transformar el conflicto en conexi√≥n con los adolescentes,5,4,Bienestar emocional,
5/11/2025 19:18:25,Otros profesionales de la educaci√≥n,Invitaci√≥n directa v√≠a email,,S√≠,"5. Innovaci√≥n social: crea, act√∫a y cambia el mundo",5,S√≠,12. Copilot Chat en el aula: c√≥mo multiplicar el potencial docente con IA,5,5,,
5/11/2025 19:18:27,Docente,Comunicaci√≥n del centro donde trabajo,,S√≠,1. Artes Esc√©nicas para la Inclusi√≥n: Estrategias Creativas en el Aula,5,S√≠,16. Palabras que construyen: herramientas para transformar el conflicto en conexi√≥n con los adolescentes,5,4,Atenci√≥n a la diversidad ,
5/11/2025 19:18:32,Docente,Invitaci√≥n directa v√≠a email,,S√≠,"5. Innovaci√≥n social: crea, act√∫a y cambia el mundo",5,S√≠,16. Palabras que construyen: herramientas para transformar el conflicto en conexi√≥n con los adolescentes,5,4,Innovaci√≥n cient√≠fica/tecnologica,
5/11/2025 19:18:33,Docente,Comunicaci√≥n del centro donde trabajo,,S√≠,"5. Innovaci√≥n social: crea, act√∫a y cambia el mundo",5,S√≠,16. Palabras que construyen: herramientas para transformar el conflicto en conexi√≥n con los adolescentes,5,4,,
5/11/2025 19:18:33,Docente,Comunicaci√≥n del centro donde trabajo,,S√≠,7. Claves para cultivar tu salud. Tu vida est√° en tus manos.,5,S√≠,16. Palabras que construyen: herramientas para transformar el conflicto en conexi√≥n con los adolescentes,4,5,,
5/11/2025 19:18:34,Docente,Comunicaci√≥n del centro donde trabajo,,S√≠,"5. Innovaci√≥n social: crea, act√∫a y cambia el mundo",5,S√≠,16. Palabras que construyen: herramientas para transformar el conflicto en conexi√≥n con los adolescentes,5,5,Emociones y sentimientos,
5/11/2025 19:18:52,Docente,Comunicaci√≥n del centro donde trabajo,,S√≠,7. Claves para cultivar tu salud. Tu vida est√° en tus manos.,5,S√≠,16. Palabras que construyen: herramientas para transformar el conflicto en conexi√≥n con los adolescentes,5,3,,
5/11/2025 19:18:54,Familia,"Redes sociales (Linkedin, Instagram, ...)",,S√≠,8. Metacognici√≥n. Una necesidad,5,S√≠,16. Palabras que construyen: herramientas para transformar el conflicto en conexi√≥n con los adolescentes,5,5,,
5/11/2025 19:18:59,Otros profesionales de la educaci√≥n,Comunicaci√≥n del centro donde trabajo,,S√≠,3. Matem√°ticas Competenciales en Secundaria,5,S√≠,16. Palabras que construyen: herramientas para transformar el conflicto en conexi√≥n con los adolescentes,5,4,,
5/11/2025 19:19:12,Docente,Comunicaci√≥n del centro donde trabajo,,S√≠,7. Claves para cultivar tu salud. Tu vida est√° en tus manos.,5,S√≠,16. Palabras que construyen: herramientas para transformar el conflicto en conexi√≥n con los adolescentes,5,5,Salud ,
5/11/2025 19:19:21,Docente,Comunicaci√≥n del centro donde trabajo,,S√≠,"5. Innovaci√≥n social: crea, act√∫a y cambia el mundo",5,S√≠,16. Palabras que construyen: herramientas para transformar el conflicto en conexi√≥n con los adolescentes,5,5,,
5/11/2025 19:19:29,Docente,Comunicaci√≥n del centro donde trabajo,,S√≠,3. Matem√°ticas Competenciales en Secundaria,4,S√≠,16. Palabras que construyen: herramientas para transformar el conflicto en conexi√≥n con los adolescentes,5,5,Atenci√≥n a la dirversidad,"Entendimiento psicol√≥gico y herramientas para atender los casos m√°s habituales. TEA, TDHA, "
5/11/2025 19:21:36,Docente,Invitaci√≥n directa v√≠a email,,S√≠,"5. Innovaci√≥n social: crea, act√∫a y cambia el mundo",5,S√≠,16. Palabras que construyen: herramientas para transformar el conflicto en conexi√≥n con los adolescentes,5,5,Emociones y din√°micas innovadoras,m√°s largos los talleres que sea solo uno en 2 horas porque no no da tiempo a hacer las din√°micas. 
5/11/2025 19:22:18,Docente,Comunicaci√≥n del centro donde trabajo,,S√≠,7. Claves para cultivar tu salud. Tu vida est√° en tus manos.,5,S√≠,10. GameLab inclusivo: del aula al juego,5,5,Curso emocional en las aulas,No
5/11/2025 19:24:13,Docente,Invitaci√≥n directa v√≠a email,,No,,,S√≠,15. Networking y Comunicaci√≥n Estrat√©gica en la Escuela y en la Vida,5,5,Humanizaci√≥n e IA,
5/11/2025 19:26:26,Familia,Invitaci√≥n directa v√≠a email,,S√≠,2. Matem√°ticas Creativas en Educaci√≥n Primaria,5,S√≠,16. Palabras que construyen: herramientas para transformar el conflicto en conexi√≥n con los adolescentes,5,5,Las tem√°ticas han sido muy interesantes y variadas,Podr√≠a celebrarse en 2 d√≠as para que los talleres durasen m√°s tiempo
5/11/2025 19:26:32,Docente,Comunicaci√≥n del centro donde trabajo,,S√≠,7. Claves para cultivar tu salud. Tu vida est√° en tus manos.,5,S√≠,10. GameLab inclusivo: del aula al juego,5,5,,
5/11/2025 19:29:06,Docente,Invitaci√≥n directa v√≠a email,,S√≠,7. Claves para cultivar tu salud. Tu vida est√° en tus manos.,5,S√≠,"14. M√°s all√° del marcador: deporte, valores y emociones",5,5,,
5/11/2025 19:29:10,Docente,Invitaci√≥n directa v√≠a email,,S√≠,7. Claves para cultivar tu salud. Tu vida est√° en tus manos.,5,S√≠,"14. M√°s all√° del marcador: deporte, valores y emociones",5,5,,
5/11/2025 19:29:57,Docente,Comunicaci√≥n del centro donde trabajo,,S√≠,7. Claves para cultivar tu salud. Tu vida est√° en tus manos.,5,S√≠,"14. M√°s all√° del marcador: deporte, valores y emociones",5,5,,
5/11/2025 19:31:05,Docente,Comunicaci√≥n del centro donde trabajo,,S√≠,8. Metacognici√≥n. Una necesidad,5,S√≠,"14. M√°s all√° del marcador: deporte, valores y emociones",5,5,Familia y educaci√≥n ,Algunos talleres necesitan m√°s tiempo como el de metacognici√≥n
5/11/2025 19:32:57,Docente,Invitaci√≥n directa v√≠a email,,S√≠,9. Inspira Talks: La escuela de los sentidos,3,S√≠,"14. M√°s all√° del marcador: deporte, valores y emociones",4,3,Ns/nc,Ns/nc
5/11/2025 19:49:30,Docente,Otros,,S√≠,1. Artes Esc√©nicas para la Inclusi√≥n: Estrategias Creativas en el Aula,4,S√≠,"14. M√°s all√° del marcador: deporte, valores y emociones",3,3,,
5/11/2025 19:59:27,Docente,Invitaci√≥n directa v√≠a email,,S√≠,3. Matem√°ticas Competenciales en Secundaria,5,S√≠,16. Palabras que construyen: herramientas para transformar el conflicto en conexi√≥n con los adolescentes,5,5,,
5/11/2025 20:06:18,Docente,Comunicaci√≥n del centro donde trabajo,,S√≠,8. Metacognici√≥n. Una necesidad,4,S√≠,18.Inspira Talks: La emoci√≥n de acompa√±ar,5,4,Cohesi√≥n Escuela-familia,No
5/11/2025 20:42:49,Docente,Invitaci√≥n directa v√≠a email,,S√≠,3. Matem√°ticas Competenciales en Secundaria,5,S√≠,15. Networking y Comunicaci√≥n Estrat√©gica en la Escuela y en la Vida,5,4,,
5/11/2025 20:54:41,Docente,Comunicaci√≥n del centro donde trabajo,,No,,,S√≠,10. GameLab inclusivo: del aula al juego,5,5,,Quiz√° se podr√≠an grabar en v√≠deo todos los talleres para poder ver el resto a posteri
5/11/2025 22:01:56,Docente,Comunicaci√≥n del centro donde trabajo,,S√≠,6. Crecer sin alas prestadas,5,S√≠,18.Inspira Talks: La emoci√≥n de acompa√±ar,5,5,,
6/11/2025 6:59:19,Docente,Invitaci√≥n directa v√≠a email,,S√≠,"5. Innovaci√≥n social: crea, act√∫a y cambia el mundo",5,S√≠,15. Networking y Comunicaci√≥n Estrat√©gica en la Escuela y en la Vida,4,5,,"Los talleres se me hacen muy cortos, les pondr√≠a 15 minutos m√°s para que no d√© sensaci√≥n continua de apremio."
6/11/2025 7:18:41,Docente,Comunicaci√≥n del centro donde trabajo,,S√≠,7. Claves para cultivar tu salud. Tu vida est√° en tus manos.,5,S√≠,15. Networking y Comunicaci√≥n Estrat√©gica en la Escuela y en la Vida,3,3,,
6/11/2025 8:07:55,Docente,Comunicaci√≥n del centro donde trabajo,,No,,,S√≠,10. GameLab inclusivo: del aula al juego,5,5,,Cambio de d√≠a y m√°s tiempo de los talleres
6/11/2025 17:48:24,Otros profesionales de la educaci√≥n,Comunicaci√≥n del centro donde trabajo,5,S√≠,9. Inspira Talks: La escuela de los sentidos,5,S√≠,15. Networking y Comunicaci√≥n Estrat√©gica en la Escuela y en la Vida,5,5,"Inteligencia emocional, habilidades sociales en el mundo educativo, aspectos enfocados a las primeras edades.",Result√≥ una experiencia de compartir fant√°stica  y enriquecedora.
6/11/2025 21:42:26,Familia,Invitaci√≥n directa v√≠a email,5,S√≠,"5. Innovaci√≥n social: crea, act√∫a y cambia el mundo",5,S√≠,"14. M√°s all√° del marcador: deporte, valores y emociones",5,5,,Talleres m√°s largos
7/11/2025 7:28:16,Docente,Invitaci√≥n directa v√≠a email,3,S√≠,7. Claves para cultivar tu salud. Tu vida est√° en tus manos.,3,S√≠,18.Inspira Talks: La emoci√≥n de acompa√±ar,5,4,,
7/11/2025 8:48:06,Docente,Invitaci√≥n directa v√≠a email,5,S√≠,9. Inspira Talks: La escuela de los sentidos,5,S√≠,10. GameLab inclusivo: del aula al juego,4,5,"Resoluci√≥n de conflictos en Educaci√≥n Infantil, estrategias para una buena convivencia dentro del aula",
7/11/2025 9:08:16,Docente,Invitaci√≥n directa v√≠a email,3,S√≠,9. Inspira Talks: La escuela de los sentidos,3,S√≠,13. IA para mentes que ense√±an,2,3,,
7/11/2025 9:12:46,Docente,Comunicaci√≥n del centro donde trabajo,5,S√≠,7. Claves para cultivar tu salud. Tu vida est√° en tus manos.,5,S√≠,16. Palabras que construyen: herramientas para transformar el conflicto en conexi√≥n con los adolescentes,5,5,,
7/11/2025 9:13:00,Docente,Invitaci√≥n directa v√≠a email,2,S√≠,9. Inspira Talks: La escuela de los sentidos,1,S√≠,16. Palabras que construyen: herramientas para transformar el conflicto en conexi√≥n con los adolescentes,5,3,,"Que los micro talleres no sean micro , no da tiempo a nada."
7/11/2025 9:18:08,Docente,Comunicaci√≥n del centro donde trabajo,3,S√≠,"5. Innovaci√≥n social: crea, act√∫a y cambia el mundo",4,S√≠,18.Inspira Talks: La emoci√≥n de acompa√±ar,4,3,L√≠mites y Respeto,Hacer solo 1 sesi√≥n de m√°s tiempo
7/11/2025 9:19:32,Docente,Comunicaci√≥n del centro donde trabajo,4,S√≠,9. Inspira Talks: La escuela de los sentidos,3,S√≠,18.Inspira Talks: La emoci√≥n de acompa√±ar,4,4,,
7/11/2025 9:26:35,Docente,Comunicaci√≥n del centro donde trabajo,3,S√≠,9. Inspira Talks: La escuela de los sentidos,2,S√≠,10. GameLab inclusivo: del aula al juego,5,3,Familias,No
7/11/2025 9:34:19,Docente,Invitaci√≥n directa v√≠a email,3,S√≠,7. Claves para cultivar tu salud. Tu vida est√° en tus manos.,5,S√≠,13. IA para mentes que ense√±an,5,5,,
7/11/2025 9:47:15,Docente,Comunicaci√≥n del centro donde trabajo,4,S√≠,9. Inspira Talks: La escuela de los sentidos,2,S√≠,16. Palabras que construyen: herramientas para transformar el conflicto en conexi√≥n con los adolescentes,3,2,,"Los talleres fueron muy cortos, no dio mucho tiempo a profundizar. Los haria un poco m√°s largos."
7/11/2025 9:55:00,Docente,Comunicaci√≥n del centro donde trabajo,4,S√≠,7. Claves para cultivar tu salud. Tu vida est√° en tus manos.,4,S√≠,15. Networking y Comunicaci√≥n Estrat√©gica en la Escuela y en la Vida,3,4,,
7/11/2025 10:34:26,Docente,Comunicaci√≥n del centro donde trabajo,5,S√≠,9. Inspira Talks: La escuela de los sentidos,3,S√≠,10. GameLab inclusivo: del aula al juego,3,3,,
7/11/2025 10:42:41,Docente,Invitaci√≥n directa v√≠a email,2,S√≠,6. Crecer sin alas prestadas,4,S√≠,16. Palabras que construyen: herramientas para transformar el conflicto en conexi√≥n con los adolescentes,5,3,"El aula, trabajo con los alumnos, los padres, conflictos, aciertos.","Una presentaci√≥n breve, sin actuaci√≥n."
7/11/2025 11:09:32,Docente,Comunicaci√≥n del centro donde trabajo,5,S√≠,8. Metacognici√≥n. Una necesidad,5,S√≠,15. Networking y Comunicaci√≥n Estrat√©gica en la Escuela y en la Vida,5,5,,
7/11/2025 11:31:15,Docente,Comunicaci√≥n del centro donde trabajo,3,S√≠,7. Claves para cultivar tu salud. Tu vida est√° en tus manos.,5,S√≠,18.Inspira Talks: La emoci√≥n de acompa√±ar,3,4,,El que dos ponentes tengan que compartir un espacio de tiempo tan corto no ayuda a profundizar en el tema ya que tienen que hacer una exposici√≥n pendientes del tiempo que se les ha otorgado
7/11/2025 11:49:54,Familia,Invitaci√≥n directa v√≠a email,5,S√≠,3. Matem√°ticas Competenciales en Secundaria,5,S√≠,"11. Godly Play: ""Jugando con Dios""",5,5,Educar tambi√©n en la salud mental de ni√±os y j√≥venes,
7/11/2025 11:53:02,Docente,Comunicaci√≥n del centro donde trabajo,2,S√≠,3. Matem√°ticas Competenciales en Secundaria,5,S√≠,13. IA para mentes que ense√±an,3,4,C√≥mo ayudar a los alumnos a pensar,
7/11/2025 12:00:38,Familia,Invitaci√≥n directa v√≠a email,,S√≠,2. Matem√°ticas Creativas en Educaci√≥n Primaria,5,No,,,5,,Al ser en horario por la tarde estar√≠a bien un aula donde los ni√±os pudieran estar jugando mientras asistimos al taller. Y el taller empez√≥ tarde y tuvo que ir muy r√°pido porque justo despu√©s hab√≠a otro taller en el mismo aula y fue una pena 
7/11/2025 12:19:37,Docente,Otros,3,S√≠,7. Claves para cultivar tu salud. Tu vida est√° en tus manos.,5,S√≠,"11. Godly Play: ""Jugando con Dios""",5,4,Innovar desde la persona para transformar la comunidad,Los talleres m√°s largos de 1 hora: 1hora y 15 minutos
7/11/2025 12:19:57,Docente,Invitaci√≥n directa v√≠a email,3,S√≠,7. Claves para cultivar tu salud. Tu vida est√° en tus manos.,5,S√≠,18.Inspira Talks: La emoci√≥n de acompa√±ar,3,3,Conectar con la propia esencia.,"Los microtalleres se quedan muy escasos. Cuando son interesantes, no da tiempo a saborearlo y profundizar en los mismos. A los ponentes se les nota nerviosos porque ven que no les da apenas tiempo a desarrollar su tema. Sugiero realizar menos cantidad de talleres y dar m√°s tiempo de calidad a los que se elijan..
Otra propuesta es seleccionar los talleres que aporten algo nuevo y no solo teor√≠a que ya conocemos como es el caso del segundo microtaller al que asist√≠."
7/11/2025 12:23:02,Familia,P√°gina web del Colegio Santa Mar√≠a la Blanca,,S√≠,"5. Innovaci√≥n social: crea, act√∫a y cambia el mundo",4,S√≠,16. Palabras que construyen: herramientas para transformar el conflicto en conexi√≥n con los adolescentes,5,5,"se podr√≠a repetir este tema. Me hubiese gustado asistir a m√°s talleres, me sent√≠ frustrada no poder asistir a m√°s. ",Los talleres son demasiado cortos. 
7/11/2025 12:49:45,Docente,Comunicaci√≥n del centro donde trabajo,3,S√≠,1. Artes Esc√©nicas para la Inclusi√≥n: Estrategias Creativas en el Aula,4,S√≠,10. GameLab inclusivo: del aula al juego,5,4,Gamificaci√≥n real en EF (ejemplos),Todo bien
7/11/2025 12:56:23,Familia,Invitaci√≥n directa v√≠a email,5,S√≠,7. Claves para cultivar tu salud. Tu vida est√° en tus manos.,5,S√≠,16. Palabras que construyen: herramientas para transformar el conflicto en conexi√≥n con los adolescentes,5,5,Valores cristianos en el siglo XXI. Humanismo en la era digital ,"Lo primero de todo destacar que me parece una iniciativa extraordinaria. Como propuestas de mejora dir√≠a que hay una sensaci√≥n general de ir deprisa y corriendo, intentando abarcar muchas cosas en poco tiempo tanto la charla inicial de Carlos Celorrio como ambos talleres se quedaron muy cortos. Ser√≠a interesante poder a√±adir un espacio donde interactuar e incluir una parte final con preguntas y respuestas. 
La matem√°tica de la comunicaci√≥n no violenta, creo que ser√≠a un √°mbito en el que profundizar"
7/11/2025 12:57:40,Docente,P√°gina web del Colegio Santa Mar√≠a la Blanca,5,S√≠,7. Claves para cultivar tu salud. Tu vida est√° en tus manos.,5,S√≠,15. Networking y Comunicaci√≥n Estrat√©gica en la Escuela y en la Vida,4,5,,
7/11/2025 13:35:22,Docente,Comunicaci√≥n del centro donde trabajo,,No,,,S√≠,16. Palabras que construyen: herramientas para transformar el conflicto en conexi√≥n con los adolescentes,5,5,"Educaci√≥n  emocional, psicolog√≠a en las aulas, relaci√≥n escuela/familia, no s√© si son temas innovadores pero est√° el mundo bastante preocupado x el tema emocional de la infancia",Muchas gracias x todo. Me encanta participar
7/11/2025 13:37:17,Docente,Invitaci√≥n directa v√≠a email,5,S√≠,7. Claves para cultivar tu salud. Tu vida est√° en tus manos.,5,S√≠,"14. M√°s all√° del marcador: deporte, valores y emociones",5,5,Sobre valores y salud emocional y si evaluacion,"No, me parece una din√°mica muy buena"
7/11/2025 13:54:32,Docente,Comunicaci√≥n del centro donde trabajo,3,S√≠,7. Claves para cultivar tu salud. Tu vida est√° en tus manos.,4,S√≠,"11. Godly Play: ""Jugando con Dios""",5,4,¬øAtenciones concretas con alumnos con dificultades ?,"Creo que ser√≠a sensato pensar en no hacerlo anualmente, para poder dar tiempo a m√°s innovaciones y dar m√°s publicidad , ya que en el foro hubo muy pocas personas ajenas al personal del colegio."
7/11/2025 13:55:22,Docente,Comunicaci√≥n del centro donde trabajo,,S√≠,7. Claves para cultivar tu salud. Tu vida est√° en tus manos.,5,S√≠,18.Inspira Talks: La emoci√≥n de acompa√±ar,5,5,Me da,Me da pena que se queden tan cortas las charlas 
7/11/2025 14:55:54,Familia,Invitaci√≥n directa v√≠a email,,S√≠,9. Inspira Talks: La escuela de los sentidos,3,S√≠,18.Inspira Talks: La emoci√≥n de acompa√±ar,4,4,Ansiedad y depresi√≥n en la infancia ,"Ajustar m√°s los tiempos, al final los talleres se hacen muy cortos "
7/11/2025 15:10:00,Docente,Comunicaci√≥n del centro donde trabajo,5,S√≠,6. Crecer sin alas prestadas,5,S√≠,16. Palabras que construyen: herramientas para transformar el conflicto en conexi√≥n con los adolescentes,5,5,,
7/11/2025 15:19:11,Docente,Invitaci√≥n directa v√≠a email,4,S√≠,6. Crecer sin alas prestadas,5,S√≠,16. Palabras que construyen: herramientas para transformar el conflicto en conexi√≥n con los adolescentes,5,4,,"Quiz√°s har√≠a un solo taller que dure los dos huecos, porque se hacen muy cortos y es muy dif√≠cil poder comprender cosas que realmente se dan en varias sesiones."
7/11/2025 15:27:58,Docente,Invitaci√≥n directa v√≠a email,3,S√≠,4. AyudIA! ‚Äì La Inteligencia Artificial como compa√±era de aprendizaje,5,S√≠,10. GameLab inclusivo: del aula al juego,4,4,,
7/11/2025 18:07:50,Docente,Invitaci√≥n directa v√≠a email,4,S√≠,8. Metacognici√≥n. Una necesidad,5,S√≠,18.Inspira Talks: La emoci√≥n de acompa√±ar,5,5,Seguir profundizando en el bienestar emocional y en el acompa√±amiento espec√≠fico de los adolescentes. ,
7/11/2025 18:47:47,Docente,"Recomendaci√≥n de un compa√±ero, amigo, conocido...",,S√≠,8. Metacognici√≥n. Una necesidad,3,No,,,5,Atenci√≥n a la diversidad en las aulas. ,No
7/11/2025 19:22:16,Docente,Invitaci√≥n directa v√≠a email,5,S√≠,9. Inspira Talks: La escuela de los sentidos,4,S√≠,"11. Godly Play: ""Jugando con Dios""",5,5,IA para principiantes ya que no he podido apuntarme,
7/11/2025 23:15:27,Docente,Invitaci√≥n directa v√≠a email,4,S√≠,"5. Innovaci√≥n social: crea, act√∫a y cambia el mundo",5,S√≠,15. Networking y Comunicaci√≥n Estrat√©gica en la Escuela y en la Vida,4,4,Relaciones aut√©nticas en la escuela,
8/11/2025 0:47:05,Docente,Invitaci√≥n directa v√≠a email,5,S√≠,"5. Innovaci√≥n social: crea, act√∫a y cambia el mundo",5,S√≠,15. Networking y Comunicaci√≥n Estrat√©gica en la Escuela y en la Vida,5,5,,
8/11/2025 0:48:55,Docente,Comunicaci√≥n del centro donde trabajo,5,S√≠,"5. Innovaci√≥n social: crea, act√∫a y cambia el mundo",5,S√≠,"14. M√°s all√° del marcador: deporte, valores y emociones",5,5,,
8/11/2025 7:56:38,Docente,Invitaci√≥n directa v√≠a email,3,S√≠,"5. Innovaci√≥n social: crea, act√∫a y cambia el mundo",4,No,,,4,M√°s IA,Los talleres a veces son muy acelerados y no da tiempo a aprovecharlos bien. Quiz√° reducir√≠a la parte del taller introductorio y dar√≠a m√°s tiempo a los talleres tem√°ticos.
8/11/2025 12:10:37,Docente,Comunicaci√≥n del centro donde trabajo,5,S√≠,3. Matem√°ticas Competenciales en Secundaria,5,S√≠,16. Palabras que construyen: herramientas para transformar el conflicto en conexi√≥n con los adolescentes,5,5,"""Nativos Digitales, Ciudadanos Cr√≠ticos: Alfabetizaci√≥n Medi√°tica y Manejo de la Desinformaci√≥n en la Era de TikTok""",Me parece interesante tener esta oportunidad para hacernos reflexionar y mejorar nuestro trabajo
8/11/2025 23:47:54,Familia,Invitaci√≥n directa v√≠a email,5,S√≠,"5. Innovaci√≥n social: crea, act√∫a y cambia el mundo",5,S√≠,"14. M√°s all√° del marcador: deporte, valores y emociones",5,5,,"Se me hizo corto, me hubiera gustado asistir a m√°s talleres "
10/11/2025 20:02:56,Docente,Comunicaci√≥n del centro donde trabajo,3,S√≠,4. AyudIA! ‚Äì La Inteligencia Artificial como compa√±era de aprendizaje,4,S√≠,10. GameLab inclusivo: del aula al juego,3,3,Cosas pr√°cticas que podamos hacer en ese taller para la creaci√≥n de recursos u organizaci√≥n del aula. ,
11/11/2025 7:34:27,Docente,Invitaci√≥n directa v√≠a email,4,S√≠,4. AyudIA! ‚Äì La Inteligencia Artificial como compa√±era de aprendizaje,5,S√≠,13. IA para mentes que ense√±an,5,4,Salud mental en el aula,
11/11/2025 9:41:49,Docente,Invitaci√≥n directa v√≠a email,3,S√≠,7. Claves para cultivar tu salud. Tu vida est√° en tus manos.,5,S√≠,"11. Godly Play: ""Jugando con Dios""",5,4,,
11/11/2025 9:57:43,Otra,"Recomendaci√≥n de un compa√±ero, amigo, conocido...",3,S√≠,9. Inspira Talks: La escuela de los sentidos,5,S√≠,10. GameLab inclusivo: del aula al juego,5,5,,
11/11/2025 10:01:55,Docente,Invitaci√≥n directa v√≠a email,4,S√≠,9. Inspira Talks: La escuela de los sentidos,2,S√≠,18.Inspira Talks: La emoci√≥n de acompa√±ar,3,4,"Tecnolog√≠a adaptada a educaci√≥n infantil, o docentes y familia: como mejorar v√≠nculos, t√©cnicas de estudio a partir de 8-9 a√±os.........GRACIAS",Que pudiese ser un taller m√°s extenso aunque solo pudiese ser uno. Vamos corriendo de un lado a otro y no podemos aprovechar la sesi√≥n bien. 
11/11/2025 10:52:46,Docente,Comunicaci√≥n del centro donde trabajo,2,S√≠,"5. Innovaci√≥n social: crea, act√∫a y cambia el mundo",5,S√≠,"11. Godly Play: ""Jugando con Dios""",5,3,,
11/11/2025 11:54:20,Docente,Invitaci√≥n directa v√≠a email,5,S√≠,"5. Innovaci√≥n social: crea, act√∫a y cambia el mundo",5,S√≠,"11. Godly Play: ""Jugando con Dios""",5,4,Me preocupa el uso de pantallas y redes sociales en la infancia y adolescencia de hoy en d√≠a. ¬øC√≥mo gestionarlas con los ni√±os m√°s peque√±os? ¬øA qu√© edad entregarles el m√≥vil?...,
12/11/2025 9:28:18,Docente,Invitaci√≥n directa v√≠a email,1,S√≠,6. Crecer sin alas prestadas,5,S√≠,16. Palabras que construyen: herramientas para transformar el conflicto en conexi√≥n con los adolescentes,5,3,,
12/11/2025 10:27:58,Docente,Comunicaci√≥n del centro donde trabajo,,S√≠,9. Inspira Talks: La escuela de los sentidos,5,No,,,5,,
12/11/2025 12:13:05,Docente,"Recomendaci√≥n de un compa√±ero, amigo, conocido...",5,S√≠,"5. Innovaci√≥n social: crea, act√∫a y cambia el mundo",5,S√≠,"14. M√°s all√° del marcador: deporte, valores y emociones",5,5,IA para docentes: c√≥mo ser mejor docente.,No cambies üòú
12/11/2025 15:01:12,Otros profesionales de la educaci√≥n,Invitaci√≥n directa v√≠a email,5,No,,,S√≠,18.Inspira Talks: La emoci√≥n de acompa√±ar,3,5,"IA,  educaci√≥n h√≠brida y el estr√©s del.estudiante.",No
12/11/2025 17:53:57,Docente,"Recomendaci√≥n de un compa√±ero, amigo, conocido...",5,No,,,S√≠,13. IA para mentes que ense√±an,5,5,Tpai,
12/11/2025 19:01:45,Docente,"Redes sociales (Linkedin, Instagram, ...)",5,S√≠,8. Metacognici√≥n. Una necesidad,3,S√≠,18.Inspira Talks: La emoci√≥n de acompa√±ar,5,5,,"Dar m√°s tiempo entre taller y taller o que estos se realicen en un mismo espacio, adem√°s de que las inspira talks tengan la misma duraci√≥n que los talleres 45 minutos"
14/11/2025 13:41:10,Docente,Invitaci√≥n directa v√≠a email,5,S√≠,9. Inspira Talks: La escuela de los sentidos,2,S√≠,"11. Godly Play: ""Jugando con Dios""",5,4,,
16/11/2025 17:02:05,Docente,Comunicaci√≥n del centro donde trabajo,4,S√≠,"5. Innovaci√≥n social: crea, act√∫a y cambia el mundo",3,No,,,4,,